IoC	Type	AlienVault Verdict	VirusTotal Verdict	MetaDefender Verdict	Overall Verdict
173.242.121.173	IP	Malicious	Malicious	Not Malicious	Malicious
78.97.110.47	IP	Malicious	Malicious	Not Malicious	Malicious
117.199.10.174	IP	Not Malicious	Malicious	Not Malicious	Not Malicious
91.109.188.4	IP	Malicious	Malicious	Not Malicious	Malicious
217.165.164.110	IP	Malicious	Malicious	Not Malicious	Malicious
91.109.190.5	IP	Malicious	Malicious	Malicious	Malicious
190.252.242.69	IP	Malicious	Malicious	Malicious	Malicious
91.109.182.8	IP	Malicious	Malicious	Not Malicious	Malicious
91.109.176.7	IP	Malicious	Malicious	Malicious	Malicious
91.109.182.3	IP	Malicious	Malicious	Not Malicious	Malicious
131.255.82.24	IP	Not Malicious	Malicious	Malicious	Malicious
117.199.12.148	IP	Malicious	Malicious	Not Malicious	Malicious
86.98.145.152	IP	Malicious	Malicious	Not Malicious	Malicious
91.109.190.8	IP	Malicious	Malicious	Malicious	Malicious
91.109.180.12	IP	Possibly Malicious	Malicious	Malicious	Malicious
183.136.213.96	IP	Malicious	Malicious	Not Malicious	Malicious
119.147.145.198	IP	Malicious	Malicious	Malicious	Malicious
95.214.24.3	IP	Not Malicious	Malicious	Not Malicious	Not Malicious
2.88.95.162	IP	Not Malicious	Not Malicious	Not Malicious	Not Malicious
91.109.184.7	IP	Malicious	Malicious	Malicious	Malicious
82.65.203.216	IP	Not Malicious	Malicious	Malicious	Malicious
87.120.84.118	IP	Malicious	Malicious	Not Malicious	Malicious
198.1.81.28	IP	Not Malicious	Not Malicious	Not Malicious	Not Malicious
91.109.178.8	IP	Malicious	Malicious	Malicious	Malicious
91.109.188.3	IP	Malicious	Malicious	Malicious	Malicious
151.80.9.113	IP	Malicious	Malicious	Not Malicious	Malicious
5.2.75.93	IP	Not Malicious	Malicious	Malicious	Malicious
14.99.204.139	IP	Not Malicious	Not Malicious	Not Malicious	Not Malicious
84.46.252.7	IP	Not Malicious	Malicious	Not Malicious	Not Malicious
116.203.67.51	IP	Not Malicious	Not Malicious	Not Malicious	Not Malicious
95.80.175.176	IP	Malicious	Not Malicious	Not Malicious	Not Malicious
95.173.236.123	IP	Malicious	Not Malicious	Not Malicious	Not Malicious
95.37.138.179	IP	Malicious	Not Malicious	Not Malicious	Not Malicious
95.37.167.168	IP	Malicious	Not Malicious	Not Malicious	Not Malicious
95.235.112.20	IP	Malicious	Malicious	Not Malicious	Malicious
95.32.73.28	IP	Malicious	Not Malicious	Not Malicious	Not Malicious
95.168.107.19	IP	Malicious	Not Malicious	Not Malicious	Not Malicious
95.86.215.118	IP	Malicious	Malicious	Not Malicious	Malicious
95.233.29.90	IP	Malicious	Not Malicious	Not Malicious	Not Malicious
95.155.49.249	IP	Malicious	Not Malicious	Not Malicious	Not Malicious
94.21.120.255	IP	Not Malicious	Not Malicious	Not Malicious	Not Malicious
95.237.197.200	IP	Malicious	Malicious	Not Malicious	Malicious
95.110.86.251	IP	Malicious	Not Malicious	Not Malicious	Not Malicious
93.124.93.250	IP	Malicious	Malicious	Not Malicious	Malicious
95.125.165.97	IP	Malicious	Malicious	Not Malicious	Malicious
95.220.190.101	IP	Malicious	Not Malicious	Not Malicious	Not Malicious
95.32.195.21	IP	Malicious	Not Malicious	Not Malicious	Not Malicious
95.140.215.7	IP	Malicious	Not Malicious	Not Malicious	Not Malicious
92.36.224.5	IP	Malicious	Not Malicious	Not Malicious	Not Malicious
93.118.168.201	IP	Malicious	Not Malicious	Not Malicious	Not Malicious
92.252.170.100	IP	Malicious	Not Malicious	Not Malicious	Not Malicious
92.49.181.230	IP	Malicious	Not Malicious	Not Malicious	Not Malicious
92.36.144.151	IP	Malicious	Not Malicious	Not Malicious	Not Malicious
94.50.161.245	IP	Malicious	Not Malicious	Not Malicious	Not Malicious
92.36.188.4	IP	Malicious	Not Malicious	Not Malicious	Not Malicious
94.241.253.55	IP	Malicious	Not Malicious	Not Malicious	Not Malicious
93.81.98.56	IP	Malicious	Not Malicious	Not Malicious	Not Malicious
94.241.195.252	IP	Malicious	Not Malicious	Not Malicious	Not Malicious
92.249.153.233	IP	Malicious	Not Malicious	Not Malicious	Not Malicious
91.83.180.220	IP	Malicious	Malicious	Not Malicious	Malicious
91.241.142.0	IP	Not Malicious	Not Malicious	Not Malicious	Not Malicious
92.248.180.60	IP	Malicious	Not Malicious	Not Malicious	Not Malicious
92.81.222.217	IP	Malicious	Malicious	Malicious	Malicious
93.181.41.128	IP	Malicious	Not Malicious	Not Malicious	Not Malicious
93.178.95.54	IP	Malicious	Not Malicious	Not Malicious	Not Malicious
94.248.18.163	IP	Malicious	Not Malicious	Not Malicious	Not Malicious
94.41.17.242	IP	Malicious	Not Malicious	Not Malicious	Not Malicious
92.241.122.55	IP	Malicious	Not Malicious	Not Malicious	Not Malicious
91.189.246.149	IP	Malicious	Not Malicious	Not Malicious	Not Malicious
94.64.221.49	IP	Malicious	Not Malicious	Not Malicious	Not Malicious
91.229.208.69	IP	Malicious	Malicious	Malicious	Malicious
90.188.102.124	IP	Malicious	Not Malicious	Not Malicious	Not Malicious
88.252.92.100	IP	Malicious	Not Malicious	Not Malicious	Not Malicious
89.214.58.109	IP	Malicious	Not Malicious	Not Malicious	Not Malicious
89.109.46.75	IP	Malicious	Malicious	Not Malicious	Malicious
89.109.198.250	IP	Malicious	Not Malicious	Not Malicious	Not Malicious
87.5.93.208	IP	Malicious	Not Malicious	Not Malicious	Not Malicious
84.46.246.236	IP	Malicious	Not Malicious	Not Malicious	Not Malicious
87.4.83.20	IP	Malicious	Not Malicious	Not Malicious	Not Malicious
90.150.203.82	IP	Malicious	Not Malicious	Not Malicious	Not Malicious
89.178.212.162	IP	Malicious	Not Malicious	Not Malicious	Not Malicious
91.138.66.143	IP	Malicious	Malicious	Not Malicious	Malicious
87.5.52.103	IP	Malicious	Malicious	Not Malicious	Malicious
84.51.85.58	IP	Malicious	Not Malicious	Not Malicious	Not Malicious
84.46.243.248	IP	Malicious	Not Malicious	Not Malicious	Not Malicious
89.254.252.71	IP	Malicious	Not Malicious	Not Malicious	Not Malicious
89.254.238.172	IP	Malicious	Not Malicious	Not Malicious	Not Malicious
89.146.162.46	IP	Malicious	Malicious	Not Malicious	Malicious
87.117.11.11	IP	Malicious	Malicious	Not Malicious	Malicious
87.20.115.157	IP	Malicious	Malicious	Not Malicious	Malicious
87.116.229.214	IP	Malicious	Not Malicious	Not Malicious	Not Malicious
85.14.31.38	IP	Malicious	Not Malicious	Not Malicious	Not Malicious
83.242.255.253	IP	Malicious	Malicious	Not Malicious	Malicious
83.30.139.240	IP	Malicious	Malicious	Not Malicious	Malicious
83.30.100.7	IP	Malicious	Not Malicious	Not Malicious	Not Malicious
84.224.223.109	IP	Malicious	Not Malicious	Not Malicious	Not Malicious
83.11.14.37	IP	Malicious	Not Malicious	Not Malicious	Not Malicious
85.105.25.190	IP	Malicious	Malicious	Malicious	Malicious
85.26.235.65	IP	Malicious	Malicious	Not Malicious	Malicious
83.4.115.7	IP	Malicious	Not Malicious	Not Malicious	Not Malicious
108.62.12.114	IP	Malicious	Malicious	Not Malicious	Malicious
192.241.219.187	IP	Malicious	Not Malicious	Not Malicious	Not Malicious
193.218.118.85	IP	Malicious	Malicious	Not Malicious	Malicious
72.52.178.23	IP	Malicious	Malicious	Not Malicious	Malicious
220.137.182.252	IP	Not Malicious	Not Malicious	Not Malicious	Not Malicious
118.169.153.54	IP	Not Malicious	Not Malicious	Not Malicious	Not Malicious
45.154.96.76	IP	Malicious	Malicious	Not Malicious	Malicious
45.143.203.2	IP	Malicious	Malicious	Not Malicious	Malicious
106.1.89.145	IP	Malicious	Malicious	Not Malicious	Malicious
72.214.121.53	IP	Malicious	Malicious	Not Malicious	Malicious
1.29.233.250	IP	Malicious	Malicious	Not Malicious	Malicious
1.70.11.90	IP	Malicious	Malicious	Not Malicious	Malicious
106.110.140.162	IP	Malicious	Malicious	Not Malicious	Malicious
110.178.38.112	IP	Malicious	Malicious	Not Malicious	Malicious
113.231.210.178	IP	Malicious	Malicious	Not Malicious	Malicious
193.218.118.85	IP	Malicious	Malicious	Not Malicious	Malicious
72.52.178.23	IP	Malicious	Malicious	Not Malicious	Malicious
220.137.182.252	IP	Not Malicious	Not Malicious	Not Malicious	Not Malicious
61.227.81.95	IP	Not Malicious	Not Malicious	Not Malicious	Not Malicious
118.169.153.54	IP	Not Malicious	Not Malicious	Not Malicious	Not Malicious
45.154.96.76	IP	Malicious	Malicious	Not Malicious	Malicious
1.248.21.4	IP	Malicious	Malicious	Not Malicious	Malicious
45.143.203.2	IP	Malicious	Malicious	Not Malicious	Malicious
106.1.89.145	IP	Malicious	Malicious	Not Malicious	Malicious
130.149.80.199	IP	Malicious	Malicious	Not Malicious	Malicious
72.214.121.53	IP	Malicious	Malicious	Not Malicious	Malicious
39.109.123.213	IP	Malicious	Malicious	Not Malicious	Malicious
104.155.228.182	IP	Not Malicious	Not Malicious	Not Malicious	Not Malicious
168.232.165.28	IP	Not Malicious	Malicious	Not Malicious	Not Malicious
91.92.247.130	IP	Malicious	Malicious	Not Malicious	Malicious
103.108.45.217	IP	Not Malicious	Not Malicious	Not Malicious	Not Malicious
223.73.35.54	IP	Not Malicious	Malicious	Not Malicious	Not Malicious
87.118.185.68	IP	Not Malicious	Malicious	Not Malicious	Not Malicious
103.129.46.105	IP	Not Malicious	Malicious	Not Malicious	Not Malicious
45.116.226.94	IP	Not Malicious	Malicious	Not Malicious	Not Malicious
42.179.251.135	IP	Not Malicious	Malicious	Not Malicious	Not Malicious
121.233.174.95	IP	Not Malicious	Not Malicious	Not Malicious	Not Malicious
78.32.212.246	IP	Not Malicious	Malicious	Not Malicious	Not Malicious
104.168.68.143	IP	Not Malicious	Malicious	Not Malicious	Not Malicious
117.220.120.20	IP	Not Malicious	Not Malicious	Not Malicious	Not Malicious
60.23.114.46	IP	Not Malicious	Malicious	Not Malicious	Not Malicious
45.141.148.150	IP	Not Malicious	Malicious	Not Malicious	Not Malicious
103.240.252.231	IP	Not Malicious	Malicious	Not Malicious	Not Malicious
45.141.148.152	IP	Not Malicious	Malicious	Not Malicious	Not Malicious
58.218.5.155	IP	Not Malicious	Not Malicious	Not Malicious	Not Malicious
147.135.72.161	IP	Not Malicious	Malicious	Not Malicious	Not Malicious
45.116.226.92	IP	Not Malicious	Malicious	Not Malicious	Not Malicious
45.141.148.147	IP	Not Malicious	Malicious	Not Malicious	Not Malicious
45.141.148.160	IP	Not Malicious	Malicious	Not Malicious	Not Malicious
45.141.148.170	IP	Not Malicious	Malicious	Not Malicious	Not Malicious
103.129.46.107	IP	Not Malicious	Malicious	Not Malicious	Not Malicious
175.150.110.143	IP	Not Malicious	Not Malicious	Not Malicious	Not Malicious
45.141.148.164	IP	Not Malicious	Malicious	Not Malicious	Not Malicious
103.251.167.20	IP	Malicious	Malicious	Not Malicious	Malicious
108.77.13.78	IP	Malicious	Malicious	Not Malicious	Malicious
109.70.100.6	IP	Malicious	Malicious	Not Malicious	Malicious
109.70.100.67	IP	Malicious	Malicious	Not Malicious	Malicious
109.70.100.70	IP	Malicious	Malicious	Not Malicious	Malicious
109.70.100.71	IP	Malicious	Malicious	Not Malicious	Malicious
136.34.129.71	IP	Not Malicious	Malicious	Not Malicious	Not Malicious
185.220.101.24	IP	Malicious	Malicious	Not Malicious	Malicious
185.243.218.202	IP	Malicious	Malicious	Not Malicious	Malicious
192.42.116.173	IP	Malicious	Malicious	Not Malicious	Malicious
192.42.116.179	IP	Malicious	Malicious	Not Malicious	Malicious
192.42.116.184	IP	Malicious	Malicious	Not Malicious	Malicious
192.42.116.185	IP	Malicious	Malicious	Not Malicious	Malicious
192.42.116.187	IP	Malicious	Malicious	Not Malicious	Malicious
192.42.116.188	IP	Malicious	Malicious	Not Malicious	Malicious
192.42.116.192	IP	Malicious	Malicious	Not Malicious	Malicious
192.42.116.198	IP	Malicious	Malicious	Not Malicious	Malicious
192.42.116.200	IP	Malicious	Malicious	Not Malicious	Malicious
198.251.88.70	IP	Malicious	Not Malicious	Not Malicious	Not Malicious
199.172.47.13	IP	Not Malicious	Malicious	Not Malicious	Not Malicious
23.137.251.61	IP	Malicious	Malicious	Not Malicious	Malicious
2a0b:f4c2:1::1	IP	Not Malicious	Not Malicious	Not Malicious	Not Malicious
38.97.116.244	IP	Malicious	Malicious	Not Malicious	Malicious
47.185.81.143	IP	Not Malicious	Malicious	Not Malicious	Not Malicious
47.196.190.73	IP	Not Malicious	Malicious	Not Malicious	Not Malicious
50.203.7.250	IP	Not Malicious	Malicious	Not Malicious	Not Malicious
50.225.7.154	IP	Not Malicious	Malicious	Not Malicious	Not Malicious
50.232.69.26	IP	Not Malicious	Malicious	Not Malicious	Not Malicious
68.185.212.57	IP	Not Malicious	Malicious	Not Malicious	Not Malicious
69.162.231.243	IP	Not Malicious	Malicious	Not Malicious	Not Malicious
69.245.177.224	IP	Not Malicious	Malicious	Not Malicious	Not Malicious
70.23.242.94	IP	Not Malicious	Malicious	Not Malicious	Not Malicious
71.207.162.163	IP	Not Malicious	Malicious	Not Malicious	Not Malicious
71.230.25.169	IP	Not Malicious	Malicious	Not Malicious	Not Malicious
72.204.184.234	IP	Not Malicious	Malicious	Not Malicious	Not Malicious
76.8.187.168	IP	Not Malicious	Malicious	Not Malicious	Not Malicious
98.53.226.84	IP	Not Malicious	Malicious	Not Malicious	Not Malicious
99.9.223.72	IP	Not Malicious	Malicious	Not Malicious	Not Malicious
91.109.184.3	IP	Possibly Malicious	Malicious	Not Malicious	Not Malicious
95.25.55.104	IP	Not Malicious	Malicious	Not Malicious	Not Malicious
91.109.186.3	IP	Malicious	Malicious	Not Malicious	Malicious
91.109.176.5	IP	Malicious	Malicious	Not Malicious	Malicious
186.52.96.202	IP	Malicious	Malicious	Not Malicious	Malicious
91.109.178.6	IP	Malicious	Malicious	Not Malicious	Malicious
24.139.132.70	IP	Malicious	Malicious	Not Malicious	Malicious
111.253.246.40	IP	Not Malicious	Malicious	Not Malicious	Not Malicious
91.109.188.2	IP	Malicious	Malicious	Not Malicious	Malicious
761ED73512CB4392B98C84A34D3439240A73E389F09C2B4A8F0CCE6A212F529C	file	Malicious	Malicious	Not Malicious	Malicious
fffa96bbcf4e075c3c1af00d88c598b01683d411ff81a88ac654f98d21deb1b5	file	Malicious	Malicious	Not Malicious	Malicious
ff620bd560485c13a58a0de941bd3e52943036e6a05306e928f7c626998822fb	file	Malicious	Malicious	Not Malicious	Malicious
ff4332365b1628f88bc84bec102b534e5a6e9a32b2fc61dd43c951a338f976d8	file	Malicious	Malicious	Not Malicious	Malicious
fedd609a16c717db9bea3072bed41e79b564c4bc97f959208bfa52fb3c9fa814	file	Malicious	Malicious	Not Malicious	Malicious
fe8d7cb87345ad74b512ee0dd0bd597413d8f937b476e6d563a59125adc13158	file	Malicious	Malicious	Not Malicious	Malicious
fdd30f479b2af0bc856ab7fbf128724d688d358fb7a3d4161bf07f5d35cb9ab6	file	Malicious	Malicious	Not Malicious	Malicious
fdcfaa03f99233d8aecc17098833d82860d68c12440c5ff7e898b50891cf65bf	file	Malicious	Malicious	Not Malicious	Malicious
fdae7846f75c7b65130e73bafda28f442913e403534cb91657c21c2426869f2f	file	Malicious	Malicious	Not Malicious	Malicious
fd75f97997d9bffb19e3520eda7f702c7e6b2b9d9007804a7cd13c55d518ccfa	file	Malicious	Malicious	Not Malicious	Malicious
fd4932f19ee4494bcd4ceaa5a445a74a210f3a044eb75dd3adb359dd4625c350	file	Malicious	Malicious	Not Malicious	Malicious
fd0a3ec3b1564210e261892d8ceb51637380d0326387605bdccaef44a25221bf	file	Malicious	Malicious	Not Malicious	Malicious
fce452bcf10414ece8eee6451cf52b39211eb65ecaa02a15bc5809c8236369a4	file	Malicious	Malicious	Not Malicious	Malicious
fcd864b79d6108c7e6615a5e1202669098ea34ab431624f6b0ab762229937552	file	Malicious	Not Malicious	Not Malicious	Not Malicious
fcbc9b3b79c1ff1ca5c5d6c858b90a62be9f6c52093ebc6e6b10d743fee02019	file	Possibly Malicious	Not Malicious		Not Malicious
fc9bb03998a89524ce5a0f859feb45806983aa4feb5f4d436107198ca869ff6f	file	Malicious	Malicious	Not Malicious	Malicious
fc7e77a56772d5ff644da143718ee7dbaf7a1da37cceb446580cd5efb96a9835	file	Malicious	Malicious	Not Malicious	Malicious
fc6f9dbdf4b9f8dd1f5f3a74cb6e55119d3fe2c9db52436e10ba07842e6c3d7c	file	Malicious	Not Malicious	Not Malicious	Not Malicious
fc6ab939f5f2d6f12cb1edbe2babd5b180d8d036fc0b37a77f784d1c52162112	file	Malicious	Malicious	Not Malicious	Malicious
fbd3f8c8f4b2f4a0c73855e35f96797ef3c5aa6fa11d89081cdacd942e18c933	file	Malicious	Not Malicious	Not Malicious	Not Malicious
fb9f9734d7966d6bc15cce5150abb63aadd4223924800f0b90dc07a311fb0a7e	file	Malicious	Malicious	Not Malicious	Malicious
fb86bb0863d15ac65a916979052220f755765eb0d5bc4c1c47e34762738d2311	file	Malicious	Malicious	Not Malicious	Malicious
fb67be10a5a8b26ca86f8f79935ddd4a5b40379bb6d0af21d23f56af14bb2a90	file	Malicious	Malicious	Not Malicious	Malicious
fa317b071da64e3ee18d82d3a6a216596f2b4bca5f4d3277a091a137d6a21c45	file	Malicious	Malicious	Not Malicious	Malicious
fa131238c3c35efe99cde59dd409c0436fd642b6bf5d56f994f52ab3a62bae4e	file	Malicious	Malicious	Not Malicious	Malicious
f97c9802324eeb0ebdfc15ce3e390c8cca5a9062c3348f7d2b5b00d1efa49508	file	Malicious	Malicious	Not Malicious	Malicious
f91188d23b14526676706a5c9ead05c1a91ea0b9d6ac902623bc565e1c200a59	file	Malicious	Malicious	Not Malicious	Malicious
f90e2ea780399d9bcc4ae2aa92fe271197ced5c6db4f88191fd0b3b271241cfd	file	Not Malicious	Malicious	Not Malicious	Not Malicious
f8dff2241f7caa824b1a83b70e8505371ad203927eafead0344c0bd86204544e	file	Malicious	Malicious	Not Malicious	Malicious
f8abf9fb17f59cbd7381aa9f5f2e1952628897cee368defd6baa6885d74f3ecc	file	Malicious	Malicious	Not Malicious	Malicious
f8818081bdc2dbf059ae5494a06fe2893900190f27b26f7af29c8fad95ed7ab2	file	Malicious	Malicious	Not Malicious	Malicious
f856db3dc69a1b816804a021e6e458ba4b3bf9a93e7fe2e0b57725ebdff1819d	file	Malicious	Malicious	Not Malicious	Malicious
f84145edc0c57ac9ba6b4eab365c2e79ef74da860098e0a7a8b224116c38abd1	file	Malicious	Malicious	Not Malicious	Malicious
f7d15a3027d3a430511630c91898c72b91b5fb42bf99315cc5a5ef009a473835	file	Not Malicious	Malicious	Not Malicious	Not Malicious
f75f1d4c561fcb013e262b3667982759f215ba7e714c43474755b72ed7f9d01e	file	Malicious	Malicious	Not Malicious	Malicious
f736083c6618dc0b9ce5ff33abfca8729a96756dadc76dd83dc55164af74feee	file	Malicious	Malicious	Not Malicious	Malicious
f7102d06ded68bddf3c93992ccdc41182629cb5a363ec999114fccc1a526c49d	file	Malicious	Malicious	Not Malicious	Malicious
f70ea26928739a824c133e2a700088cba03e67b886f58078b6bab5bc2c6b8efa	file	Malicious	Malicious	Not Malicious	Malicious
f701f500d348b63f3250239cd8305a8b38230e67d74456f3333c6efeeef85bbb	file	Malicious	Malicious	Not Malicious	Malicious
f6f240dc2d32bfd83b49025382dc0a1cf86dba587018de4cd96df16197f05d88	file	Malicious	Malicious	Not Malicious	Malicious
f6b01df60d526f1de530230724d41b482adfff81084a1872bb97c316b76e45e3	file	Malicious	Malicious	Not Malicious	Malicious
f6541b569787aa050c54ad85976ac5b729697a022be188b0040d37aa91e49ae2	file	Malicious	Malicious	Not Malicious	Malicious
f5f269cf469bf9c9703fe0903cda100acbb4b3e13dbfef6b6ee87a907e5fcd1b	file	Malicious	Malicious	Not Malicious	Malicious
f58eb772a3f828108025ed76fb6ac2a181b5e92d4cc0c733e097c04c83b02dc7	file	Malicious	Malicious	Not Malicious	Malicious
f58d3a4b2f3f7f10815c24586fae91964eeed830369e7e0701b43895b0cefbd3	file	Malicious	Malicious	Not Malicious	Malicious
f55aedfa7be17fd9b69b3fdb1e4b864df0911ee6d69f7f222fe806c7e321f09b	file	Malicious	Malicious	Not Malicious	Malicious
f5271fcb895977dc1eead64415e525323cd412e3f2625aee2fafbb5674beea28	file	Malicious	Malicious	Not Malicious	Malicious
f4e2f28169e0c88b2551b6f1d63f8ba513feb15beacc43a82f626b93d673f56d	file	Malicious	Malicious	Not Malicious	Malicious
f4d11b36a844a68bf9718cf720984468583efa6664fc99966115a44b9a20aa33	file	Malicious	Malicious	Not Malicious	Malicious
f4ada2b858c84da8b53c08ce4579f8b5b5df25e0d0f17ee0b48e10c87c338d23	file	Malicious	Malicious	Not Malicious	Malicious
f45ea12579f636026d29009190221864f432dbc3e26e73d8f3ab7835fa595b86	file	Malicious	Malicious	Not Malicious	Malicious
f44964c8fdf6dbdb21c141df61b45467bba5a4482f7ab19fd6f1841fdb791f2a	file	Malicious	Malicious	Not Malicious	Malicious
f432b91c9a48f98ce667b0da5a94b6f5ceca40d69f7e56d6813423a16ff3306a	file	Malicious	Malicious	Not Malicious	Malicious
f38a29d96eee9655b537fee8663d78b0c410521e1b88885650a695aad89dbe3f	file	Malicious	Malicious	Not Malicious	Malicious
f33a02781d60ca36f4ee56579c6d33846c2549ad7556bca499c73302cee17514	file	Malicious	Malicious	Not Malicious	Malicious
f2809656e675e9025f4845016f539b88c6887fa247113ff60642bd802e8a15d2	file	Malicious	Malicious	Not Malicious	Malicious
f23d9b0a9faa6293a1fcb1647808cb3b5d3bde2fb49e02882b035eb40bafd159	file	Malicious	Malicious	Not Malicious	Malicious
f23307f1c286143b974843da20c257901cf4be372ea21d1bb5dea523a7e2785d	file	Malicious	Malicious	Not Malicious	Malicious
f1f33618bbb8551b183304ddb18e0a8b8200642ec52d5b72d3c75a00cdb99fd4	file	Malicious	Malicious	Not Malicious	Malicious
f1e7c1fc06bf0ea40986aa20e774d6b85c526c59046c452d98e48fe1e331ee4c	file	Malicious	Malicious	Not Malicious	Malicious
f1c3eabcb797507944b757643cba34f5bb7ed2bf493f73dd43c4b1513a7c41f0	file	Malicious	Malicious	Not Malicious	Malicious
f1a6e08a5fd013f96facc4bb0d8dfb6940683f5bdfc161bd3a1de8189dea26d3	file	Malicious	Not Malicious	Not Malicious	Not Malicious
f19d69486f380f7f22482b17eab7343da36229a4e60b9f3938f7846002ff0fa2	file	Malicious	Malicious	Not Malicious	Malicious
f0e2a74f75656efa763626e26565fbbfc1b024e96bff124a8f0ed34bc190d6b8	file	Malicious	Malicious	Not Malicious	Malicious
f0d62aec4a2a5353a6416bbd403969fc0617d08aeb8eb9e09de4d4068a2fd9f3	file	Malicious	Malicious	Not Malicious	Malicious
f07e55ce20e944706232013241d23282e652de2c9514904dede14d4a711a5d1d	file	Malicious	Malicious	Not Malicious	Malicious
eff77b8c6e9960b8928f7b4280a34ed4b7660d34585ee129a01f2acddfa66969	file	Malicious	Malicious	Not Malicious	Malicious
efbb63f9fa17802f3f9b3a0f4236df268787e3d8b7d2409d1584d316dabc0cf9	file	Malicious	Malicious	Not Malicious	Malicious
ef792687b8bcd3c03bed4b09c4722bba921536802afe01f7cdb01cc7c3c60815	file	Malicious	Malicious	Not Malicious	Malicious
ef30bd34f8c11e042e2600c62cf702515c94290207cf72fad1ec0d277221bb70	file	Malicious	Malicious	Not Malicious	Malicious
eee7dac3cb9d776843bac9f2bbf633b72dd366adc66b78d34a6071d47f1bf007	file	Malicious	Malicious	Not Malicious	Malicious
ee4da58848a99a991293cce2d7634b4acf003442d28617c5dfb33c33757c5cc4	file	Malicious	Malicious	Not Malicious	Malicious
ee4a487e78f23f5dffc35e73aeb9602514ebd885eb97460dd26635f67847bd16	file	Malicious	Malicious	Not Malicious	Malicious
edee3d980f39e29a49472679d6d915f038fda1fd6e27559f432e3296e645a98c	file	Malicious	Malicious	Not Malicious	Malicious
ed982645d677c04cb5846251924a12e0e2c9ed16d8fa800a628189faf5009c9f	file	Malicious	Malicious	Not Malicious	Malicious
ed8ff09ee7c0b9ff801c90d130d8d553c9a3482c8861251b5e0b70e4cbc55d86	file	Malicious	Malicious	Not Malicious	Malicious
ed85c3e25bac63b7e232ac3cfd91116bf7c64f1c4c96b933d5715bbe055ffc89	file	Malicious	Malicious	Not Malicious	Malicious
ed5d694d561c97b4d70efe934936286fe562addf7d6836f795b336d9791a5c44	file	Malicious	Malicious	Not Malicious	Malicious
ed38a61a6b7af436120465d352baa4cdf4ed8f01a7db7245b6254353e52f818f	file	Malicious	Malicious	Not Malicious	Malicious
ebf7736ea183efe5d523f0854acf99293f27c7fb4f13de2b307d3ee02df04ec3	file	Malicious	Malicious	Not Malicious	Malicious
eb7c1aa98542309a34fbdf708522d6915af8d5753168f68c463e61a00cb724fb	file	Malicious	Malicious	Not Malicious	Malicious
eb7a7ab952080f66c82fe8350da131ce0d7766f203bd4d97b0798b4f59283a27	file	Malicious	Malicious	Not Malicious	Malicious
eb3f5decdbe71fe95cb8cbda5749ec6c43232069f8ce812d454d0c9432045b38	file	Possibly Malicious	Not Malicious	Not Malicious	Not Malicious
eb3dfd03f0a882d286ca3ebad884cb513c7f42085b8b2a1a52315d231eae1f9a	file	Malicious	Malicious	Not Malicious	Malicious
eb16562b15abf2d0b58658b014ba5d6a7dbf34c3df7921b25ae17d58b9f5929e	file	Malicious	Malicious	Not Malicious	Malicious
eb12a5b640ef9bc07af0b59720e005cba41e7b3171ee3bdd9ecbc85b197586bb	file	Malicious	Malicious	Not Malicious	Malicious
eaef901b31b5835035b75302f94fee27288ce46971c6db6221ecbea9ba7ff9d0	file	Malicious	Malicious	Not Malicious	Malicious
ea9f0bd64a3ef44fe80ce1a25c387b562a6b87c4d202f24953c3d9204386cf00	file	Malicious	Malicious	Not Malicious	Malicious
ea91967c2a52b1c09395613f972a319332b678493f4e2ece0e0009e1efd36bec	file	Malicious	Malicious	Not Malicious	Malicious
ea8f893c080159a423c9122b239ec389939e4c3c1f218bdee16dde744e08188f	file	Malicious	Malicious	Not Malicious	Malicious
ea673e0e6986e41a73c19dd2a9cfde3d2d4186ef52c23c1253dde2d54faca7b3	file	Malicious	Malicious	Not Malicious	Malicious
ea39a1add9c174b88fe8e116fc89aac2ddb64ef91dd7c449aed99acaafc52c33	file	Malicious	Malicious	Not Malicious	Malicious
ea22b3e9ecdfd06fae74483deb9ef0245aefdc72f99120ae6525c0eaf37de32e	file	Malicious	Malicious	Not Malicious	Malicious
e9e8fc16c586f51eb2f86db5a60e54b46d66275fdd6df8fb72e96e50014a1290	file	Malicious	Malicious	Not Malicious	Malicious
e9c848a14f2cafcf90d912d0af0530bb3075559ba134f39483d55f462941fcb8	file	Malicious	Malicious	Not Malicious	Malicious
e94b6b99fae4dc8e5b0796c877ed01bf25f77ccab95fb43d24abed00e0f8a15a	file	Malicious	Malicious	Not Malicious	Malicious
e91730008e0fc7b971e492d0000fea6674a7ee00475ff5f847960dbad3a1588f	file	Malicious	Malicious	Not Malicious	Malicious
e8da78f9024083cf6a382548e9c38814669ee5ba8e51ec43b43e8140243c6cb3	file	Malicious	Malicious	Not Malicious	Malicious
e8c53bb41b90d991af0ee2e5a7bc99473c0bc4db2cd1e683f8a513ad7d2601cf	file	Malicious	Malicious	Not Malicious	Malicious
e88b03465c0376463f912a5601a518cc697330dc3e5857068f3de0c434b52c9a	file	Malicious	Malicious	Not Malicious	Malicious
e801844333031b7fd4bd7bb56d9fb095f0d89eb89d5a3cc594a4bed24f837351	file	Malicious	Malicious	Not Malicious	Malicious
e7ffcf1db4fb13b5cb1e9939b3a966c4a5a894f7b1c1978ce6235886776c961e	file	Malicious	Malicious	Not Malicious	Malicious
e7e1701200b4dcde43a3c7b1ca0d0a464aa6fb3ee9b41044322d3101219408b4	file	Malicious	Malicious	Not Malicious	Malicious
e7d87e68265a9a324d76759cca4f613c28c590b36490c8c65ee3d17918e5d3ec	file	Malicious	Malicious	Not Malicious	Malicious
e7af5f1d5d68f75ee03a37ee8016695e35edaae528cdba4ab7b9a90570a1e4be	file	Malicious	Malicious	Not Malicious	Malicious
e7682a61b6c5b0487593f880a09d6123f18f8c6da9c13ed43b43866960b7aa8e	file	Malicious	Malicious	Not Malicious	Malicious
e758c4428a590519a281344a31f236146c996c784433fbe82eee009dd922516c	file	Malicious	Malicious	Not Malicious	Malicious
e73bbef9c7fcaf610c858be52a375b517bc62fd7e05dd867f928cd353536de16	file	Malicious	Malicious	Not Malicious	Malicious
e6e69e85962a402a35cbc5b75571dab3739c0b2f3861ba5853dbd140bae4e4da	file	Malicious	Malicious	Not Malicious	Malicious
e6daa00e095948acfc176d71c5bf667a0403e5259653ea5ac8950aee13180ae0	file	Malicious	Malicious	Not Malicious	Malicious
e6d1df0621b10d051ebba4507ac3d14f4d206ab56bafbc3510db542d4c4470d9	file	Malicious	Malicious	Not Malicious	Malicious
e694f9f7289677adaf2c2e93ba0ac24ae38ab9879a34b86c613dd3c60a56992d	file	Malicious	Malicious	Not Malicious	Malicious
e69017e410aa185b34e713b658a5aa64bff9992ec1dbd274327a5d4173f6e559	file	Malicious	Malicious	Not Malicious	Malicious
e6668c32b04d48209d5c71ea96cb45a9641e87fb075c8a7697a0ae28929913a6	file	Malicious	Malicious	Not Malicious	Malicious
e654ef69635ab6a2c569b3f8059b06aee4bce937afb275ad4ec77c0e4a712f23	file	Malicious	Malicious	Not Malicious	Malicious
e615ea30dd37644526060689544c1a1d263b6bb77fe3084aa7883669c1fde12f	file	Malicious	Malicious	Not Malicious	Malicious
e5e94056346367f7a8cf31fd7a2a47b4004623f1c8b74cb8f5d6ae110bef134a	file	Malicious	Malicious	Not Malicious	Malicious
e5a9f2bbcb8626273d4294e3882aeda82bf14c636b76f2b6b22c51e0f594b2b1	file	Malicious	Malicious	Not Malicious	Malicious
e594dc53d2bf4518632e9ca4308a11a0b10409f035554255bbdc7e3f577fe585	file	Possibly Malicious	Malicious	Not Malicious	Not Malicious
e52b65fdcb77ed4f5989a69d57f1f53ead58af43fa4623021a12bc11cebe29ce	file	Malicious	Malicious	Not Malicious	Malicious
e511f5c8fc0bd713dc9b9742e8c682ba66177bb617e9118f84b150cf6ff4a07f	file	Malicious	Malicious	Not Malicious	Malicious
e4a971ef5331af68fa1982fbfe3394295d9bc0877d8ffb5ffd3068bb28601b5e	file	Malicious	Malicious	Not Malicious	Malicious
e49a7d9083b2e448274d117405c39b0c1b2c0c20ab5195bdf94aaeda7cc113d7	file	Malicious	Malicious	Not Malicious	Malicious
e47b86b8df43c8c1898abef15b8b7feffe533ae4e1a09e7294dd95f752b0fbb2	file	Malicious	Malicious	Not Malicious	Malicious
e3d2e6f8740bc5a510239af41e77a3e07eaf09f1aa5cda78558035399db3f971	file	Malicious	Malicious	Not Malicious	Malicious
e3d0328e947d418f01528a6e40ba13f0fdbc3307c539931501d59fd9d4f58a16	file	Malicious	Malicious	Not Malicious	Malicious
e3aab908800cb4601bc4a87ac9ac48d816ced57cdb409b6e2468956cc50bdf04	file	Malicious	Malicious	Not Malicious	Malicious
e3735950775fbdae7bbcc4a49c09372f605ae021fff8ff32340c794af14a7e47	file	Malicious	Malicious	Not Malicious	Malicious
e3665d8c5030be81a6955965c2928564fe922b9a21f9e712580d04825fa0adf1	file	Malicious	Not Malicious	Not Malicious	Not Malicious
e34fc4910458e9378ea357baf045e9c0c21515a0b8818a5b36daceb2af464ea0	file	Malicious	Malicious	Not Malicious	Malicious
e347d1833f82dc88e28b1baaa2657fe7ecbfe41b265c769cce25f1c0e181d7e0	file	Malicious	Malicious	Not Malicious	Malicious
e3401d7699cc5067620e43bd24e8ccd437832c16f2fa7d5baaad8c170383cc92	file	Malicious	Malicious	Not Malicious	Malicious
e30f8596f1beda8254cbe1ac7a75839f5fe6c332f45ebabff88aadbce3938a19	file	Malicious	Malicious	Not Malicious	Malicious
dfdca848aecb3439b8c93fd83f1fd4036fc671e3a2dcae9875b4648fd26f1d63	file	Malicious	Malicious	Not Malicious	Malicious
dfc86b375e974b3092bbff41eb24db3281fb4fc104f1043a7afbf95f85a2c1d5	file	Malicious	Malicious	Not Malicious	Malicious
df91410df516e2bddfd3f6815b3b4039bf67a76f20aecabccffb152e5d6975ef	file	Malicious	Malicious	Not Malicious	Malicious
dee7321085737da53646b1f2d58838ece97c81e3f2319a29f7629d62395dbfd1	file	Malicious	Malicious	Not Malicious	Malicious
de91a5b9b49ae33afc4e87f71604af8848d7bbc500a71c1ebe78d3ebb9365b51	file	Malicious	Malicious	Not Malicious	Malicious
de797af0a3d8ceafc75328b4ad5a5ec61692c43a19527db63735f285b5409fc4	file	Malicious	Malicious	Not Malicious	Malicious
de6c4c3ddb3a3ddbcbea9124f93429bf987dcd8192e0f1b4a826505429b74560	file	Malicious	Malicious	Not Malicious	Malicious
de69281050c18627c8e75a3f4cdf933db77ace2a8dd13ef753f61ad6e0a405ad	file	Malicious	Malicious	Not Malicious	Malicious
de4e579a8a8c83c0eaa384146a5a2d2e4d1d3f32f3da8c877f1276e962e9e7f7	file	Malicious	Malicious	Not Malicious	Malicious
de42155e14a3c9c4d919316d6ba830229533de5063fcd110f53e2395ef3aa77a	file	Malicious	Malicious	Not Malicious	Malicious
de2816192691352a3d7f8e3b64552b2244c8c9437e223e2840bd7dd77213a5ac	file	Malicious	Malicious	Not Malicious	Malicious
de1114a09cbab5ae9c1011ddd11719f15087cc29c8303da2e71d861b0594a1ba	file	Malicious	Malicious	Not Malicious	Malicious
ddda5737b2c3207d72d728bf40709a7296c31e7c50951dcad441f4707581ccb1	file	Malicious	Malicious	Not Malicious	Malicious
ddcb420c4141760feed2fc8c76425b72ab111d271385040c1446f6ab3993c6d7	file	Malicious	Malicious	Not Malicious	Malicious
dda674fa0e22996523c50e39b29b84957b39c33e3bff4dd738341e2c93c96aad	file	Malicious	Malicious	Not Malicious	Malicious
dd7a8b55e4b7dc032ea6d6aed6153bec9b5b68b45369e877bb66ba21acc81455	file	Malicious	Malicious	Not Malicious	Malicious
dd49562418564204ddd32d8dfa5863abe4dde11426652d93cc57aee0c2321119	file	Malicious	Malicious	Not Malicious	Malicious
dd369262074466ce937b52c0acd75abad112e395f353072ae11e3e888ac132a8	file	Malicious	Malicious	Not Malicious	Malicious
dcf8f640dd7cc27d2399cce96b1cf4b75e3b9f2dfdf19cee0a170e5a6d2ce6b6	file	Malicious	Malicious	Not Malicious	Malicious
dcd9a5af1c6297ed1a66c851efa305000335d8ade068ba515125a6612f1d5300	file	Malicious	Malicious	Not Malicious	Malicious
dc1b15e48b68e9670bf3038e095f4afb4b0d8a68b84ae6c05184af7f3f5ecf54	file	Malicious	Malicious	Not Malicious	Malicious
dbc54deb6684b4825cfd97a620abd431ede7c3095ecfac3897b0551e9bcb57d8	file	Malicious	Malicious	Not Malicious	Malicious
db6e75987cabdbfc21d0fdcb1cdae9887c492cab2b2ff1e529601a34a2abfd99	file	Malicious	Malicious	Not Malicious	Malicious
db3b7989f6c410a43c839a933343a66f706c6ad65c2031b628b059a8df774038	file	Malicious	Malicious	Not Malicious	Malicious
db34f90a2aa2f37cb18fca54972b8574d1582f6ea0ef51f5d452551cbf36a28a	file	Malicious	Malicious	Not Malicious	Malicious
db1bc70c0d0c7121f1d4422a6fcd0e0668d9da786affb52dd77852641e425710	file	Malicious	Malicious	Not Malicious	Malicious
daf9da77300ea5a32dc143eaf12c3bb6bd4c4876f13facfd7fd5982cba1a0731	file	Malicious	Malicious	Not Malicious	Malicious
dabdd4b5a3a70c64c031126fad36a4c45feb69a45e1028d79da6b443291addb8	file	Malicious	Malicious	Not Malicious	Malicious
da81259f341b83842bf52325a22db28af0bc752e703a93f1027fa8d38d3495ff	file	Malicious	Malicious	Not Malicious	Malicious
da6d9c837c7c2531f0dbb7ce92bfceba4a9979953b6d49ed0862551d4b465adc	file	Malicious	Malicious	Not Malicious	Malicious
d9a6857c59852e9ecd3aa4f07266de3c6ef6bf2ed01641893481cd41cd2be763	file	Malicious	Malicious	Not Malicious	Malicious
d96856cd944a9f1587907cacef974c0248b7f4210f1689c1e6bcac5fed289368	file	Malicious	Not Malicious	Not Malicious	Not Malicious
d907d8c31d0fd689f76d1d8b1bf4cb74b83524a81f05ba363510bd9794ad8197	file	Malicious	Malicious	Not Malicious	Malicious
d8f55bbbcc20e81e46b9bf78f93b73f002c76a8fcdb4dc2ae21b8609445c14f9	file	Malicious	Malicious	Not Malicious	Malicious
d8f065d264b1112d6ee3cf34979289e89d9dcb30d2a3bd78cc797a81d3d56f56	file	Malicious	Malicious	Not Malicious	Malicious
d8b4d8950ec1a3f812af69d261f452aae2b19d3bced8551f9178e40ca0c1bcf8	file	Malicious	Malicious	Not Malicious	Malicious
d895fff3c909ea2eb6624fc5f154c924fe0af51c6c899fd9093dc3cd27a5dad2	file	Malicious	Malicious	Not Malicious	Malicious
d8824f643127c1d8f73028be01363fd77b2ecb050ebe8c17793633b9879d20eb	file	Malicious	Malicious	Not Malicious	Malicious
d81e7d95004441ea4f5344215232db57f48579bf335c7ba4ed7f6ec6f9136ed0	file	Malicious	Malicious	Not Malicious	Malicious
d7709e361a9ec30527514b69b6084606161e35beaeb532ebe339445901549336	file	Not Malicious	Not Malicious	Not Malicious	Not Malicious
d738eaabaa98e8f77c960464fecae5a3dfe22c36e9333ca5e5b80f1473deced4	file	Not Malicious	Malicious	Not Malicious	Not Malicious
d6f5fc248e4c8fc7a86a8193eb970fe9503f2766951a3e4b8c084684e423e917	file	Malicious	Malicious	Not Malicious	Malicious
d6d80231325c39b421d06eb3224ed54d958c1d643d961048176f2a93eecbb524	file	Malicious	Malicious	Not Malicious	Malicious
d6cd1636569bba4131462bb8f45be1daa9a203aa343b6f2fd48a4847acfc29fa	file	Malicious	Malicious	Not Malicious	Malicious
d65c32e7f1c9ee5ea5f08911a360575c12bca545fdebca3e0e4c7b142ce79edd	file	Malicious	Malicious	Not Malicious	Malicious
d6028c7ed3324a01614e2697f4cf0d095170eff8f36fae7e6e66aa5412d08b45	file	Possibly Malicious	Not Malicious		Not Malicious
d6000a19198b8b9719fc17f7c06366e542802a8e7e232ba731b72c31226cc890	file	Malicious	Malicious	Not Malicious	Malicious
d57304415240d7c08b2fbada718a5c0597c3ef67c765e1daf4516ee4b4bdc768	file	Malicious	Malicious	Not Malicious	Malicious
d4f4069b1c40a5b27ba0bc15c09dceb7035d054a022bb5d558850edfba0b9534	file	Malicious	Malicious	Not Malicious	Malicious
d4dbd379f914ff5ba40c1aac1be37602e4cde687e47cfd7793cb10192617f4af	file	Malicious	Malicious	Not Malicious	Malicious
kalved9835-philadent98254.pages.dev	domain	Not Malicious	Malicious	Not Malicious	Not Malicious
kalutarawindscreen.com	domain	Possibly Malicious	Malicious	Not Malicious	Not Malicious
kalush-osvita.if.ua	domain	Possibly Malicious	Malicious	Not Malicious	Not Malicious
jx.aglt.lat	domain	Not Malicious	Malicious	Not Malicious	Not Malicious
jwqvt8rk54b.s3srs2sryyu7.cloudns.biz	domain	Not Malicious	Malicious	Not Malicious	Not Malicious
jwqvt8rk54b.pages.dev	domain	Not Malicious	Malicious	Not Malicious	Not Malicious
jwq5s-yk.nedizl.my.id	domain	Not Malicious	Malicious	Not Malicious	Not Malicious
jwllogic.com	domain	Malicious	Malicious	Not Malicious	Malicious
jwladc.bubbleapps.io	domain	Not Malicious	Malicious	Not Malicious	Not Malicious
jsvfp07l9.duckdns.org	domain	Not Malicious	Malicious	Not Malicious	Not Malicious
jsushv3.ktt55.my.id	domain	Not Malicious	Malicious	Not Malicious	Not Malicious
jsuhvs9.ktt55.my.id	domain	Not Malicious	Malicious	Not Malicious	Not Malicious
jsudj.icu	domain	Not Malicious	Malicious	Not Malicious	Not Malicious
jstzsanyi.com	domain	Not Malicious	Malicious	Not Malicious	Not Malicious
jpkurgt1c.top	domain	Possibly Malicious	Malicious	Not Malicious	Not Malicious
jpkamsia.quest	domain	Possibly Malicious	Malicious	Not Malicious	Not Malicious
jpj.tik.temporary.site	domain	Not Malicious	Malicious	Not Malicious	Not Malicious
jpfgum.com	domain	Not Malicious	Malicious	Not Malicious	Not Malicious
itruse-tcapital-login.gitbook.io	domain	Not Malicious	Malicious	Not Malicious	Not Malicious
itruscaupitlloggin.gitbook.io	domain	Not Malicious	Malicious	Not Malicious	Not Malicious
isabella-b1.firebaseapp.com	domain	Not Malicious	Malicious	Not Malicious	Not Malicious
isaar1.github.io	domain	Not Malicious	Malicious	Not Malicious	Not Malicious
ip.rocksmt.com	domain	Not Malicious	Malicious	Not Malicious	Not Malicious
ip.infosyst.site	domain	Not Malicious	Malicious	Not Malicious	Not Malicious
instagram-login123.blogspot.co.il	domain	Not Malicious	Malicious	Not Malicious	Not Malicious
instagram-login123.blogspot.co.id	domain	Not Malicious	Malicious	Not Malicious	Not Malicious
info-miastowe24.club	domain	Malicious	Malicious	Not Malicious	Malicious
info-miasto.waw.pl	domain	Malicious	Malicious	Not Malicious	Malicious
info-miasto.click	domain	Malicious	Malicious	Not Malicious	Malicious
huvudstadsguiden.eu	domain	Malicious	Malicious	Not Malicious	Malicious
huusgaay.com	domain	Malicious	Malicious	Not Malicious	Malicious
huuor.yt	domain	Malicious	Malicious	Not Malicious	Malicious
grupbokepviral.qom.my.id	domain	Not Malicious	Malicious	Not Malicious	Not Malicious
grupbokepviral.kriwiljasteb.my.id	domain	Not Malicious	Malicious	Not Malicious	Not Malicious
grupbokep18.infovpskuy.com	domain	Not Malicious	Malicious	Not Malicious	Not Malicious
grupbokehvrl.klikdisiniiii.my.id	domain	Not Malicious	Malicious	Not Malicious	Not Malicious
grup2024terbruu.biperthose.biz.id	domain	Not Malicious	Malicious	Not Malicious	Not Malicious
grup2024new.s-qn.my.id	domain	Not Malicious	Malicious	Not Malicious	Not Malicious
grup18newhotnih.antreas.biz.id	domain	Not Malicious	Malicious	Not Malicious	Not Malicious
grup18baru2024.bortvercs.art	domain	Not Malicious	Malicious	Not Malicious	Not Malicious
financesgouv.online	domain	Not Malicious	Malicious	Not Malicious	Not Malicious
financesdgfipgouv.com	domain	Malicious	Malicious	Not Malicious	Malicious
finances-verbalisations.fr	domain	Malicious	Malicious	Not Malicious	Malicious
eleanorlopez.autos	domain	Not Malicious	Malicious	Not Malicious	Not Malicious
elea.standardseoservices.com	domain	Not Malicious	Malicious	Not Malicious	Not Malicious
eldey.serpgold.com	domain	Not Malicious	Malicious	Not Malicious	Not Malicious
eldestxsyn.shop	domain	Possibly Malicious	Malicious	Not Malicious	Not Malicious
elderlycareblog.info	domain	Malicious	Malicious	Not Malicious	Malicious
elddt.pm	domain	Malicious	Malicious	Not Malicious	Malicious
elconnova.com	domain	Not Malicious	Malicious	Not Malicious	Not Malicious
elconceptord.com	domain	Not Malicious	Malicious	Not Malicious	Not Malicious
elcohellas.e-skafos.gr	domain	Not Malicious	Malicious	Not Malicious	Not Malicious
elclubdelasexcomulgadas.serpgold.com	domain	Not Malicious	Malicious	Not Malicious	Not Malicious
elcasal.cat	domain	Not Malicious	Not Malicious	Not Malicious	Not Malicious
br8wma8ters.xyz	domain	Possibly Malicious	Malicious	Not Malicious	Not Malicious
br27me-banquepopulaire.fr	domain	Malicious	Malicious	Not Malicious	Malicious
br0q1nh67z2c.xzf.my.id	domain	Not Malicious	Malicious	Not Malicious	Not Malicious
br.wplusoriginal.com	domain	Not Malicious	Malicious	Not Malicious	Not Malicious
br.nowyplx.top	domain	Not Malicious	Malicious	Not Malicious	Not Malicious
bookingimportantchange.com	domain	Possibly Malicious	Malicious	Not Malicious	Not Malicious
bookingid.etsracnete.com	domain	Not Malicious	Malicious	Not Malicious	Not Malicious
booking.ylitkon.shop	domain	Not Malicious	Malicious	Not Malicious	Not Malicious
booking.web-extranet.eu	domain	Not Malicious	Malicious	Not Malicious	Not Malicious
booking.violation-hotelid.com	domain	Not Malicious	Malicious	Not Malicious	Not Malicious
booking-45i.pages.dev	domain	Not Malicious	Malicious	Not Malicious	Not Malicious
bookeditservice.pro	domain	Not Malicious	Malicious	Not Malicious	Not Malicious
booked-guarding.world	domain	Possibly Malicious	Malicious	Not Malicious	Not Malicious
booked-guard.eu	domain	Not Malicious	Malicious	Not Malicious	Not Malicious
booked-group-hotel.buzz	domain	Not Malicious	Malicious	Not Malicious	Not Malicious
book2businessonline.com	domain	Not Malicious	Malicious	Not Malicious	Not Malicious
bagherpour.com	domain	Possibly Malicious	Malicious	Not Malicious	Not Malicious
bagheladarsh007.github.io	domain	Not Malicious	Malicious	Not Malicious	Not Malicious
bagelboyscr.com	domain	Possibly Malicious	Malicious	Not Malicious	Not Malicious
bagalmajjah.blogspot.com	domain	Not Malicious	Malicious	Not Malicious	Not Malicious
bafybeihpz23nzi4syyqq2mzvwz5hfxofsemhocnxxv5wk4nyae5ii6ahki.ipfs.sphn.link	domain	Not Malicious	Malicious	Not Malicious	Not Malicious
bafybeih774ynvdeygxw4tglw3iyfynlblv2by4uzjtqtjd7yjoufi2i7vu.ipfs.fleek.cool	domain	Not Malicious	Malicious	Not Malicious	Not Malicious
ay.ay.avito.inpost-pl-pacid273jks.abin.shopmusic.icanmining.ru	domain	Not Malicious	Malicious	Not Malicious	Not Malicious
ay.0zon.sber.inpost-pl-pacid273jks.abin.shopmusic.icanmining.ru	domain	Not Malicious	Malicious	Not Malicious	Not Malicious
ay-pas.com	domain	Not Malicious	Malicious	Not Malicious	Not Malicious
axzs.actyprogss.top	domain	Not Malicious	Malicious	Not Malicious	Not Malicious
avisclient-gbdh.fr	domain	Malicious	Malicious	Not Malicious	Malicious
avisavoscompteslaposte.weebly.com	domain	Not Malicious	Malicious	Not Malicious	Not Malicious
avisasquare.com	domain	Possibly Malicious	Malicious	Not Malicious	Not Malicious
avisageng-colis-webexternal.pickup-services.com	domain	Not Malicious	Malicious	Not Malicious	Not Malicious
auth01-m.web.app	domain	Not Malicious	Malicious	Not Malicious	Not Malicious
auth01-m.firebaseapp.com	domain	Not Malicious	Malicious	Not Malicious	Not Malicious
auth0-webmailacct-100017.weeblysite.com	domain	Not Malicious	Malicious	Not Malicious	Not Malicious
auth0-fb.loomiscourierinternational.com	domain	Not Malicious	Malicious	Not Malicious	Not Malicious
aniket78901.github.io	domain	Not Malicious	Malicious	Not Malicious	Not Malicious
aniket2040.github.io	domain	Not Malicious	Malicious	Not Malicious	Not Malicious
anid93djio20dd.vercel.app	domain	Not Malicious	Malicious	Not Malicious	Not Malicious
anibis.link66820.site	domain	Not Malicious	Malicious	Not Malicious	Not Malicious
amesicaoen.top	domain	Not Malicious	Malicious	Not Malicious	Not Malicious
amerton.store	domain	Possibly Malicious	Malicious	Not Malicious	Not Malicious
ameritechsystemupdate.weebly.com	domain	Not Malicious	Malicious	Not Malicious	Not Malicious
ameritechs-supercool-site-08838d.webflow.io	domain	Not Malicious	Malicious	Not Malicious	Not Malicious
ameritechmail.wixsite.com	domain	Not Malicious	Malicious	Not Malicious	Not Malicious
amerikoolernet.w3spaces.com	domain	Not Malicious	Malicious	Not Malicious	Not Malicious
americanuniversityofbeirut.ukit.me	domain	Not Malicious	Malicious	Not Malicious	Not Malicious
americansreachingmanyservices.com	domain	Malicious	Not Malicious	Not Malicious	Not Malicious
americanhairshop.com	domain	Malicious	Malicious	Not Malicious	Malicious
http://larcadelcarnevale.com/catalogo/palloncini	url	Not Malicious	Malicious	Not Malicious	Not Malicious
http://www.vnic.co/khach-hang.html	url	Not Malicious	Malicious	Malicious	Malicious
signin.eby.de.zukruygxctzmmqi.civpro.co.za	domain	Not Malicious	Malicious	Not Malicious	Not Malicious
http://hollywoodlife.com/2014/05/01/rihanna-iheartradio-music-awards-dress-2014-pics/	url	Not Malicious	Not Malicious	Not Malicious	Not Malicious
http://www.marketingbyinternet.com/mo/e56508df639f6ce7d55c81ee3fcd5ba8/	url	Not Malicious	Malicious	Not Malicious	Not Malicious
